"SUBTYPE","SAMPLE_TYPE","MET_SITE_COUNT","ANEUPLOIDY_SCORE","ARM_WGD","X10p","X10q","X11p","X11q","X12p","X12q","X13q","X14q","X15q","X16p","X16q","X17p","X17q","X18p","X18q","X19p","X19q","X1p","X1q","X20p","X20q","X21q","X22q","X2p","X2q","X3p","X3q","X4p","X4q","X5p","X5q","X6p","X6q","X7p","X7q","X8p","X8q","X9p","X9q","Xp","Xq"
"Breast Ductal HR+HER2-","Primary",1.79277364505845,0.167959085746338,0.06128232376904,0.00712040382571732,-0.0374699256110521,-0.0327143464399575,-0.106180340063762,-0.0175301806588735,0.008690435706695,-0.123147077577046,-0.0142201912858661,-0.0278668437832094,0.144135069075452,-0.18895132837407,-0.140227311370882,0.0258906482465462,-0.0611151965993624,-0.0642500531349628,-0.0186578108395324,0.00575653560042508,-0.049528692879915,0.196600212539851,0.0406917109458023,0.122274495217853,0.0113691817215728,-0.119537832093518,-0.0476058448459086,-0.0566156216790648,-0.0441782146652497,0.00491594048884166,-0.0635962805526036,-0.0625223166843783,0.0155374070138151,-0.0101071200850159,-0.052834431455898,-0.124812539851222,0.0217380446333688,9.5324123273114e-05,-0.0886148777895855,0.186050903294368,-0.100607120085016,-0.0672545164718385,-0.111376726886291,-0.118962274176408
"Breast Ductal HR+HER2-","Metastasis",4.55917667238422,0.229800813544486,0.0864669921273695,0.0118277873070326,-0.0681926243567753,-0.051203602058319,-0.149904974271012,0.00504373927958834,0.0438807890222985,-0.160830703259005,-0.0231480274442539,-0.0271715265866209,0.172707547169811,-0.141943567753002,-0.183420926243568,0.0641910806174957,-0.0628022298456261,-0.0991480274442539,-0.0673898799313894,-0.00161612349914237,-0.0968749571183533,0.243399828473413,0.057827615780446,0.172228130360206,-0.010509948542024,-0.132900171526587,-0.0331480274442539,-0.0571392795883362,-0.0640442538593482,0.022383704974271,-0.0736174957118353,-0.0851656946826758,0.0600703259005146,0.00540497427101201,-0.0166716981132075,-0.125241166380789,0.0316324185248714,-0.0220975986277873,-0.148236706689537,0.267768439108062,-0.141428816466552,-0.0997243567753002,-0.103661234991424,-0.104054202401372
"Uterine Endometrioid","Primary",1.44117647058824,0.0507711621233859,0.0293537533356538,0.043389592760181,0.0415443438914027,-0.0352699095022624,-0.0367235294117647,0.000106108597285068,-0.00635950226244344,-0.0491966063348416,-0.0153757918552036,-0.0314880090497738,0.00703348416289593,-0.0178640271493213,-0.0407203619909502,-0.0209880090497738,-0.0435239819004525,-0.0529237556561086,0.00486108597285068,0.00714389140271493,-0.036912443438914,0.0742796380090498,0.00542352941176471,0.00836787330316742,0.0117162895927602,-0.0134658371040724,0.00190135746606335,-0.0118934389140271,-0.0300502262443439,-0.0127748868778281,-0.0331694570135747,-0.0404330316742081,-0.0226178733031674,-0.0377108597285068,-0.0552325791855204,-0.0655522624434389,0.0138640271493213,0.0109038461538462,0.00037737556561086,0.0302911764705882,-0.0332988687782805,-0.0356932126696833,-0.096368778280543,-0.0916757918552036
"Uterine Endometrioid","Metastasis",4.176,0.181014634146341,0.0998974358974359,0.0638696,0.058764,-0.0670888,-0.082268,0.0233352,-0.0022168,-0.0977768,-0.0361376,-0.0869544,-0.031972,-0.0788448,-0.086228,-0.0298456,-0.0518856,-0.0939208,-0.0687856,-0.047548,-0.0813,0.3088152,0.0355848,0.092424,-0.05574,-0.1028696,0.0692656,0.0249896,-0.035348,0.025756,-0.0854584,-0.0909352,0.002672,-0.0442664,-0.0232184,-0.0583336,0.0754984,0.0910712,0.0275336,0.1113808,-0.0788184,-0.0828216,-0.157288,-0.1368696
"Uterine Serous","Primary",3.61025641025641,0.176031894934334,0.0607495069033531,0.0327261538461538,-0.0110584615384615,-0.0631671794871795,-0.0641794871794872,0.015125641025641,-0.0157846153846154,-0.0432723076923077,-0.038808717948718,-0.13261641025641,-0.0683815384615385,-0.170442564102564,-0.149057948717949,-0.027505641025641,0.0427005128205128,-0.0464620512820513,-0.0470020512820513,0.0570625641025641,-0.00714307692307692,0.0728702564102564,0.067505641025641,0.132301025641026,-0.00499230769230769,-0.092225641025641,0.0685728205128205,0.0409205128205128,-0.0420394871794872,0.0865076923076923,-0.0925410256410256,-0.115384615384615,0.0492461538461538,-0.0945297435897436,0.0182323076923077,-0.0341558974358974,-0.0417323076923077,-0.031394358974359,-0.112666153846154,0.139863076923077,-0.074934358974359,-0.118518974358974,-0.192644615384615,-0.164658461538462
"Uterine Serous","Metastasis",5.01075268817204,0.204531057717525,0.0747173972980425,-0.0148860215053763,-0.0448322580645161,-0.0626462365591398,-0.0149612903225806,0.073889247311828,-0.0207365591397849,-0.0882913978494624,-0.0574806451612903,-0.169523655913978,-0.0767150537634409,-0.189625806451613,-0.133677419354839,-0.0233763440860215,0.0197688172043011,-0.0984602150537634,-0.027994623655914,0.0887612903225806,-0.0105021505376344,0.0930741935483871,0.0875290322580645,0.188562365591398,0.00777956989247312,-0.0772161290322581,0.0441344086021505,0.0153978494623656,-0.0145870967741935,0.133712903225806,-0.0976365591397849,-0.17227311827957,0.0289494623655914,-0.0797,0.020205376344086,-0.0275440860215054,-0.0233322580645161,-0.0028741935483871,-0.157227956989247,0.122534408602151,-0.0503096774193548,-0.11658064516129,-0.238459139784946,-0.189289247311828
"Pleural Mesothelioma","Primary",2.17535545023697,0.114553230840365,0.0475148863774456,-0.0179473933649289,-0.0186985781990521,0.0331061611374408,0.0299014218009479,0.0316563981042654,0.0391251184834123,-0.0911142180094787,-0.0723715639810426,0.0443658767772512,0.053657345971564,0.0210123222748815,-0.0262914691943128,0.0534260663507109,0.00324549763033175,-0.0209895734597156,0.0420236966824645,0.0280492890995261,-0.0500876777251185,0.082278672985782,0.0309601895734597,0.0533630331753554,0.0303227488151659,-0.145090995260664,0.00852464454976303,0.00999810426540284,0.013678672985782,0.0658971563981043,-0.0646502369668246,-0.0653331753554502,0.0917009478672986,0.0419241706161137,0.0247293838862559,-0.102494312796209,0.0977412322274882,0.0680478672985782,0.0188710900473934,0.0900312796208531,-0.0778928909952607,-0.0177218009478673,-0.0510184834123223,-0.0411492890995261
"Pleural Mesothelioma","Metastasis",2.57575757575758,0.12860310421286,0.0582750582750583,-0.019530303030303,-0.0276333333333333,0.027469696969697,0.0506757575757576,0.0367909090909091,0.0228515151515152,-0.0930757575757576,-0.0645454545454545,0.0554181818181818,0.0751575757575758,0.0487181818181818,-0.0452757575757576,0.0518454545454545,-0.0342151515151515,-0.038830303030303,-0.00154545454545454,0.000951515151515154,-0.0654484848484849,0.0733666666666667,0.078,0.0981181818181818,0.0299151515151515,-0.180378787878788,0.00223030303030303,0.00459090909090909,0.0281939393939394,0.0680727272727273,-0.0544454545454545,-0.0769454545454545,0.0833424242424242,0.0542818181818182,0.0534484848484848,-0.102921212121212,0.118421212121212,0.101672727272727,0.00355151515151515,0.0392060606060606,-0.0896878787878788,-0.0505484848484848,-0.0394636363636364,-0.0439818181818182
"Bladder Urothelial","Primary",2.01310615989515,0.151589521465332,0.0669422320798468,0.0476425950196592,-0.0736064220183486,-0.0952747051114024,-0.0426925294888598,0.0124959370904325,0.0133394495412844,-0.00909475753604194,-0.0218024901703801,-0.0251571428571429,-0.0188875491480996,-0.0363454783748362,-0.082107994757536,0.0743777195281782,0.00997326343381389,-0.0626844036697248,0.0107929226736566,0.0761031454783748,0.0160359108781127,0.0781564875491481,0.0997112712975098,0.134374574049803,0.0507119266055046,-0.0251473132372215,0.0328638269986894,-0.0457874180865007,0.03348374836173,0.0859958060288336,-0.0388762778505898,-0.0547394495412844,0.0913300131061599,-0.0886256880733945,0.00886906946264744,-0.0756889908256881,0.0607125819134993,0.0511716906946265,-0.081343119266055,0.110649541284404,-0.131136697247706,-0.141020707732634,-0.0241604193971166,-0.024140629095675
"Bladder Urothelial","Metastasis",3.92424242424242,0.149974021010606,0.0699300699300699,0.0262545454545455,-0.085240404040404,-0.103315656565657,-0.0363252525252525,0.012489898989899,0.013759595959596,-0.0215853535353535,-0.0242459595959596,-0.0290479797979798,-0.0132722222222222,-0.0289005050505051,-0.0476520202020202,0.0648005050505051,0.0146070707070707,-0.0618176767676768,-0.000603535353535353,0.096960101010101,0.00693686868686869,0.0639,0.105108585858586,0.152324747474747,0.0449616161616162,-0.0208212121212121,0.0278237373737374,-0.0370550505050505,0.017009595959596,0.0724888888888889,-0.0769262626262626,-0.0865449494949495,0.0761979797979798,-0.0767964646464646,0.00930757575757576,-0.0811368686868687,0.0627424242424242,0.056070202020202,-0.0824065656565657,0.108446464646465,-0.112525757575758,-0.0973459595959596,-0.0443459595959596,-0.0614338383838384
"Hepatocellular Carcinoma","Primary",1.64285714285714,0.164528890824622,0.0815018315018315,0.0134178571428571,-0.0125470238095238,-0.0252755952380952,-0.0291505952380952,-0.0402303571428571,0.0259821428571429,-0.0653815476190476,-0.0442434523809524,-0.00596011904761905,-0.0734428571428571,-0.104411904761905,-0.132597619047619,0.073122619047619,-0.0311136904761905,-0.0680202380952381,-0.00160119047619048,0.0362345238095238,-0.0490464285714286,0.264760714285714,0.05475,0.0744345238095238,-0.0533583333333333,-0.000834523809523809,0.00684642857142857,-0.0120285714285714,-0.009125,-0.0119005952380952,-0.0580494047619048,-0.129555952380952,0.0802642857142857,0.0677625,0.110727380952381,-0.107932738095238,0.103216071428571,0.0880315476190476,-0.229785714285714,0.227092857142857,-0.0782744047619048,-0.0410654761904762,-0.0674392857142857,0.00559166666666667
"Hepatocellular Carcinoma","Metastasis",3.10810810810811,0.214897824653922,0.108108108108108,0.0499135135135135,-0.000172972972972972,-0.0356594594594595,-0.0747,-0.0775486486486486,0.0468243243243243,-0.0565945945945946,-0.0646972972972973,-0.0351324324324324,-0.116283783783784,-0.162462162162162,-0.199708108108108,0.0657675675675676,-0.0178216216216216,-0.0634810810810811,-0.0321378378378378,0.0317297297297297,-0.060072972972973,0.315724324324324,0.0710621621621622,0.131737837837838,-0.0951297297297297,0.00427567567567567,-0.0129621621621622,-0.00115405405405405,-0.0128702702702703,-0.00938918918918919,-0.0233891891891892,-0.1127,0.0938486486486487,0.0333891891891892,0.173275675675676,-0.0425108108108108,0.1271,0.101959459459459,-0.317789189189189,0.331502702702703,-0.0617162162162162,-0.0475945945945946,-0.0387162162162162,0.0223189189189189
"Breast Ductal HR+HER2+","Primary",2.07482993197279,0.192375974780156,0.062096633525205,0.0376503401360544,-0.0545877551020408,-0.072252380952381,-0.118577551020408,-0.0320319727891156,-0.0183469387755102,-0.142836734693878,-0.00314557823129252,-0.026430612244898,0.062856462585034,-0.130019727891156,-0.220938775510204,0.0677251700680272,-0.0881795918367347,-0.102037414965986,-0.0693673469387755,-0.0339571428571429,-0.0976931972789116,0.173181632653061,0.0472931972789116,0.139080952380952,-0.0112367346938776,-0.0801809523809524,-0.0428517006802721,-0.0627183673469388,-0.0751278911564626,-0.0137387755102041,-0.111125170068027,-0.0881734693877551,0.0246959183673469,-0.0527061224489796,-0.0386244897959184,-0.118520408163265,-0.00978299319727891,-0.0345442176870748,-0.142512244897959,0.245730612244898,-0.118644897959184,-0.0633367346938775,-0.127244217687075,-0.123241496598639
"Breast Ductal HR+HER2+","Metastasis",4.28440366972477,0.252836204967554,0.0811573747353564,-0.00211559633027523,-0.0890788990825688,-0.0761100917431193,-0.157161467889908,-0.0177678899082569,0.0110660550458716,-0.1391,-0.0175385321100917,-0.0332715596330275,0.135752293577982,-0.118774311926606,-0.273794495412844,0.0851467889908257,-0.0909366972477064,-0.124006422018349,-0.125133027522936,-0.0449284403669725,-0.121546788990826,0.215829357798165,0.0288504587155963,0.196566972477064,-0.0161798165137615,-0.0850165137614679,-0.0222715596330275,-0.065551376146789,-0.107698165137615,0.0435862385321101,-0.102985321100917,-0.0807596330275229,0.0775321100917431,-0.0119073394495413,-0.00165229357798165,-0.109994495412844,0.0355302752293578,-0.0643788990825688,-0.194228440366972,0.294193577981651,-0.158154128440367,-0.0998844036697248,-0.127111926605505,-0.14338623853211
"Stomach Adenocarinoma","Primary",3.12380952380952,0.0696138211382113,0.0306471306471306,-0.0131961904761905,-0.0192914285714286,-0.0179838095238095,0.00446952380952381,0.0109952380952381,-0.000296190476190476,0.0132138095238095,-0.0187780952380952,-0.00282380952380952,0.0123719047619048,-0.00380666666666667,-0.026852380952381,0.0116261904761905,-0.0335014285714286,-0.0735690476190476,-0.0124180952380952,0.0341609523809524,-0.0100366666666667,0.03062,0.0656476190476191,0.113050952380952,-0.0195052380952381,-0.00214,0.00655333333333333,0.0030947619047619,-0.0250833333333333,0.01279,-0.0821280952380952,-0.0924266666666667,-0.00500428571428571,-0.0419219047619048,-0.00151809523809524,-0.022712380952381,0.0596038095238095,0.0407704761904762,0.0143938095238095,0.0747376190476191,-0.0760161904761905,-0.0204233333333333,-0.0594209523809524,-0.0521542857142857
"Stomach Adenocarinoma","Metastasis",3.81818181818182,0.124257206208426,0.0508158508158508,-0.00124727272727273,-0.0259245454545455,-0.0102736363636364,0.00631909090909091,0.0178309090909091,0.0131345454545455,0.0274481818181818,-0.0316045454545455,-0.0104672727272727,0.00189090909090909,-0.0426054545454545,-0.0662663636363636,0.0176009090909091,-0.00498636363636364,-0.0833990909090909,-0.0495290909090909,0.0149890909090909,-0.03706,0.0500254545454545,0.102742727272727,0.148538181818182,-0.0635363636363636,-0.03224,0.00731363636363636,-0.00964363636363636,-0.0419572727272727,0.0387754545454545,-0.105874545454545,-0.0971445454545455,0.0452645454545455,-0.0599109090909091,0.00678272727272727,-0.0370172727272727,0.0881809090909091,0.0625018181818182,-0.00853727272727273,0.0924872727272727,-0.0867290909090909,-0.0295181818181818,-0.0606227272727273,-0.0412163636363636
"Esophageal Adenocarinoma","Primary",2.38809523809524,0.148943089430894,0.0645299145299145,-0.0112019047619048,-0.0169859523809524,-0.0208990476190476,-0.00285666666666667,0.0366188095238095,0.009535,0.0365645238095238,-0.0317928571428571,0.00529261904761905,-0.0270390476190476,-0.0403971428571429,-0.0824961904761905,0.046685,0.0207728571428571,-0.138719285714286,-0.0670938095238095,0.0337107142857143,-0.0250121428571429,0.04908,0.114558095238095,0.219506904761905,-0.0920647619047619,-0.0364790476190476,0.0312345238095238,0.0196211904761905,-0.0395252380952381,0.0358557142857143,-0.119118571428571,-0.12144,0.0282785714285714,-0.0952640476190476,0.0173540476190476,-0.00990428571428571,0.118823095238095,0.0314792857142857,-0.0124761904761905,0.106576428571429,-0.122721904761905,-0.0193804761904762,-0.0544330952380952,-0.0109835714285714
"Esophageal Adenocarinoma","Metastasis",3.70491803278689,0.241728308676529,0.0989911727616646,0.00755737704918033,-0.0520795081967213,0.00432377049180328,0.00715819672131148,0.0751295081967213,0.0150081967213115,0.00942295081967213,-0.0550008196721311,-0.0275155737704918,-0.0251581967213115,-0.0658516393442623,-0.103230327868852,0.0303622950819672,0.03125,-0.188209016393443,-0.0876516393442623,0.0663581967213115,-0.0711918032786885,0.0320926229508197,0.11125737704918,0.236545901639344,-0.144923770491803,-0.0796368852459016,0.0382475409836066,0.0213327868852459,-0.0659155737704918,0.0663139344262295,-0.148645081967213,-0.138459836065574,0.0849237704918033,-0.0651467213114754,0.00748688524590164,-0.02885,0.163660655737705,0.0465229508196721,-0.0990975409836066,0.155106557377049,-0.144695901639344,-0.0400860655737705,-0.049955737704918,-0.00866475409836066
"Upper Tract Urothelial","Primary",2.44736842105263,0.133841463414634,0.055668016194332,0.0301763157894737,-0.0694085526315789,-0.0813611842105263,-0.0427276315789474,0.00388486842105263,0.0131072368421053,-0.00359671052631579,-0.039175,-0.0277092105263158,-0.0275098684210526,-0.0184697368421053,-0.0849532894736842,0.0623539473684211,-0.0273848684210526,-0.0548368421052632,0.0258092105263158,0.0731125,0.00753486842105263,0.0721302631578947,0.0956710526315789,0.111300657894737,0.0282947368421053,0.00904868421052631,0.000313157894736843,-0.0580703947368421,0.0191013157894737,0.0712026315789474,-0.0402664473684211,-0.0479322368421053,0.0520381578947368,-0.0700434210526316,-0.0168072368421053,-0.0777032894736842,0.0533901315789474,0.0371006578947368,-0.0791453947368421,0.130739473684211,-0.138795394736842,-0.154003947368421,-0.0483375,-0.0750789473684211
"Upper Tract Urothelial","Metastasis",4.68888888888889,0.174186991869919,0.0740740740740741,0.0268333333333333,-0.06066,-0.111553333333333,-0.0438511111111111,0.0180133333333333,0.00161555555555556,0.0249911111111111,-0.0410066666666667,-0.0393822222222222,-0.0445266666666667,0.00808444444444445,-0.0773266666666667,0.0835933333333333,-0.0275933333333333,-0.106451111111111,0.0142488888888889,0.0511355555555556,0.0162777777777778,0.0796622222222222,0.0941866666666667,0.14754,-0.00485777777777778,0.01146,0.0348822222222222,-0.0528,0.00992444444444444,0.0819511111111111,-0.0455,-0.09058,0.130904444444444,-0.0873644444444444,0.0253177777777778,-0.0615422222222222,0.08422,0.0514244444444444,-0.112302222222222,0.113982222222222,-0.104477777777778,-0.07864,-0.06284,-0.0932444444444444
"Ovarian High-Grade Serous","Primary",5.41428571428571,0.295735191637631,0.105128205128205,0.0420631428571429,-0.0317771428571429,-0.0633654285714286,0.0420685714285714,0.132552571428571,-0.00196371428571429,-0.183856,-0.0759702857142857,-0.13057,-0.0883088571428571,-0.21558,-0.254048,-0.125824571428571,-0.0401577142857143,-0.139999428571429,0.021214,0.00432342857142857,0.037164,0.146780285714286,0.113201714285714,0.201255428571429,-0.0197117142857143,-0.214955428571429,0.0873811428571429,0.02885,-0.0185265714285714,0.201842571428571,-0.106446285714286,-0.206282857142857,0.075504,-0.142038857142857,0.0677391428571429,-0.140899714285714,-0.0252148571428571,0.0618185714285714,-0.165612285714286,0.243373428571429,-0.0850017142857143,-0.121956,-0.368986571428571,-0.297282
"Ovarian High-Grade Serous","Metastasis",6.03245749613601,0.282146008952659,0.0996710656679745,0.0276217928902628,-0.017713601236476,-0.0611097372488408,0.0178908809891808,0.132685471406492,0.00729613601236476,-0.125704482225657,-0.0654327666151468,-0.137459505409583,-0.0895539412673879,-0.233931375579598,-0.220447449768161,-0.0805097372488408,-0.0420335394126739,-0.143125193199382,-0.0148514683153014,0.0344310664605873,0.0178666151468315,0.129186553323029,0.121484544049459,0.221251313755796,-0.0167975270479134,-0.18617913446677,0.0831962905718702,0.0364794435857805,-0.0223502318392581,0.210916228748068,-0.121750231839258,-0.193451777434312,0.0765040185471406,-0.0971086553323029,0.0492870170015456,-0.116487635239567,-0.028570942812983,0.0622714064914992,-0.164883462132921,0.232606800618238,-0.089812828438949,-0.111271097372488,-0.378670324574961,-0.28522828438949
"Uterine Hypermutated","Primary",1.57281553398058,0.0197726734548899,0.0135673388100573,-0.00754708737864078,-0.00334077669902913,-0.0234092233009709,-0.0277669902912621,-0.0194266990291262,-0.0155252427184466,-0.0469145631067961,-0.017304854368932,-0.0181131067961165,0.0150529126213592,0.00640631067961165,-0.0133582524271845,-0.0111504854368932,-0.046295145631068,-0.0464456310679612,0.0131422330097087,0.00756165048543689,-0.0265650485436893,0.102352427184466,-0.0207956310679612,-0.0193131067961165,0.0119922330097087,0.00621796116504854,-0.0190990291262136,-0.0262184466019417,-0.0222393203883495,-0.0229436893203884,-0.0279145631067961,-0.0265422330097087,-0.030997572815534,-0.0302165048543689,-0.0569398058252427,-0.0566359223300971,-0.0141834951456311,-0.00538058252427184,0.00500582524271845,0.012128640776699,-0.0207839805825243,-0.0165223300970874,-0.0851466019417476,-0.0874199029126214
"Uterine Hypermutated","Metastasis",3.62903225806452,0.047993705743509,0.0376344086021505,0.0141822580645161,0.0205516129032258,-0.0335435483870968,-0.0344677419354839,-0.000580645161290322,-0.00178387096774194,-0.0601435483870968,-0.0250596774193548,-0.0442612903225806,-0.0139306451612903,-0.0390854838709677,-0.0269338709677419,-0.0193967741935484,-0.0216629032258065,-0.0501145161290323,-0.0118306451612903,-0.0121306451612903,-0.0221193548387097,0.252012903225806,-0.0134129032258065,-0.0147758064516129,-0.00842258064516129,0.00369677419354839,0.00860322580645161,-0.0037241935483871,-0.0054016129032258,-0.00349677419354839,-0.0567548387096774,-0.0551177419354839,-0.0417209677419355,-0.0374161290322581,-0.0239983870967742,-0.0301161290322581,-0.0226758064516129,-0.00378548387096774,0.0382532258064516,0.0422548387096774,-0.0463177419354839,-0.0491354838709677,-0.100514516129032,-0.0966645161290323
"Ovarian Clear Cell","Primary",3.95081967213115,0.151939224310276,0.0559058427910887,-0.0354393442622951,0.0142885245901639,-0.0844868852459016,-0.0928622950819672,0.0197803278688525,0.0308786885245902,-0.145332786885246,0.00940819672131148,-0.081455737704918,-0.0205803278688525,-0.0654672131147541,-0.0891622950819672,0.12183606557377,-0.0734508196721311,-0.130888524590164,-0.101154098360656,0.0294786885245902,-0.0152950819672131,0.00120491803278689,0.0791786885245902,0.128055737704918,0.0192393442622951,0.0663409836065574,-0.0100868852459016,-0.0355754098360656,-0.038255737704918,0.0307983606557377,-0.0860704918032787,-0.0995163934426229,-0.0126131147540984,-0.0297918032786885,-0.031644262295082,-0.045772131147541,0.010583606557377,0.00683934426229508,-0.0306672131147541,0.236150819672131,-0.15397868852459,-0.146759016393443,-0.137801639344262,-0.115916393442623
"Ovarian Clear Cell","Metastasis",4.80555555555556,0.159214092140921,0.0690883190883191,-0.0234888888888889,0.0165638888888889,-0.0967,-0.0981472222222222,0.0436055555555556,0.0325888888888889,-0.152927777777778,-0.0327611111111111,-0.112780555555556,-0.00718055555555555,-0.0296805555555556,-0.127836111111111,0.100561111111111,0.0143472222222222,-0.112180555555556,-0.0809444444444444,0.0510694444444444,-0.0437555555555556,0.0794694444444444,0.0790722222222222,0.135536111111111,0.0196722222222222,0.122994444444444,0.0146527777777778,-0.00849166666666667,-0.0101527777777778,0.0506583333333333,-0.102452777777778,-0.117747222222222,-0.0149027777777778,-0.0288888888888889,-0.0464833333333333,-0.0628833333333333,0.00551666666666667,-0.0264083333333333,-0.0616805555555556,0.244466666666667,-0.157547222222222,-0.150177777777778,-0.158211111111111,-0.123522222222222
"Lung Adenocarcinoma","Primary",2.23920935861234,0.101827792481233,0.0455208365656127,-0.0188866478418717,-0.0346255344897136,-0.000668374344493748,0.00688148446954417,-0.0222491327148044,-0.0185795885437676,-0.082266317063332,0.0211794675272287,-0.0528857603872529,0.0594607906413877,0.00326256555062525,-0.0473578862444534,0.0443430012101654,-0.0473304558289633,-0.0922538523598225,-0.0524470754336426,-0.0115101250504236,-0.00151730536506656,0.11021093182735,0.0119509883017346,0.044343727309399,0.0211037515127067,-0.0152963291649859,0.00867111738604276,0.000698588140379185,-0.0597703509479629,-0.02831278741428,-0.022077934651069,-0.034260709963695,0.102957603872529,0.00141565147236789,0.00677494957644211,-0.0765202501008471,0.106113634530052,0.0545310609116579,-0.0613614764017749,0.0762389269866882,-0.0962151674062122,-0.0680327148043566,-0.0728637757160145,-0.0435742638160549
"Lung Adenocarcinoma","Metastasis",3.77665615141956,0.207482880664769,0.0869530049340775,-0.0266405678233438,-0.0607305993690852,-0.000569211356466877,0.0307831545741325,-0.00709053627760252,-0.00414851735015773,-0.124063406940063,0.0433393059936909,-0.0991808832807571,0.0501509779179811,-0.0294831545741325,-0.110340504731861,0.0644520504731861,-0.0759959621451104,-0.146902586750789,-0.0834573501577287,0.00102466876971609,-0.0330240378548896,0.148514700315457,0.00510643533123028,0.0699331861198738,-0.0080588643533123,-0.0640871293375394,0.0203639116719243,0.0102869400630915,-0.093951167192429,0.00103343848580442,-0.0429647318611987,-0.0617128075709779,0.183254889589905,-0.00233091482649842,-0.000883091482649843,-0.12184334384858,0.186359369085174,0.104670094637224,-0.131049842271293,0.118384984227129,-0.129597223974763,-0.0898123659305994,-0.10353167192429,-0.0407179810725552
"Sarcoma Leiomyo","Primary",3.21538461538462,0.297161447058257,0.114792899408284,-0.143047692307692,-0.291174615384615,-0.100356153846154,-0.114917692307692,-0.106585384615385,-0.0638476923076923,-0.245930769230769,-0.0509515384615385,0.0542238461538462,0.0272223076923077,-0.262663846153846,0.0816115384615385,0.0315984615384615,-0.0281415384615385,-0.0192392307692308,0.137693076923077,-0.0889807692307692,0.0487584615384615,0.111785384615385,0.0702592307692308,0.136806923076923,0.00340230769230769,-0.0391738461538462,-0.148124615384615,-0.153773846153846,0.0588830769230769,0.0461115384615385,0.0107515384615385,-0.0170184615384615,0.103443846153846,-0.00449923076923077,-0.0968984615384615,-0.0284876923076923,-0.0441015384615385,-0.0479838461538462,-0.00041923076923077,0.0880646153846154,-0.07459,0.0198976923076923,0.0600038461538462,-0.155421538461538
"Sarcoma Leiomyo","Metastasis",5.14285714285714,0.28315406756552,0.111004937091894,-0.112273913043478,-0.247392546583851,-0.107604968944099,-0.161292546583851,-0.0385180124223602,-0.0803639751552795,-0.210614285714286,-0.0370546583850932,0.0667708074534162,0.0604260869565217,-0.289413043478261,0.115177639751553,0.0519813664596273,-0.0161031055900621,-0.0110826086956522,0.150732919254658,-0.0685987577639752,0.0108198757763975,0.137192546583851,0.0460149068322981,0.0945683229813665,0.0210465838509317,-0.0533962732919255,-0.115591925465839,-0.122340372670807,0.0809782608695652,0.0489024844720497,-0.00250186335403727,-0.0652105590062112,0.126228571428571,0.0235149068322981,-0.112406211180124,-0.0401509316770186,0.0202447204968944,-0.0179944099378882,-0.019704347826087,0.125113664596273,-0.0953571428571429,0.0439521739130435,-0.0325633540372671,-0.170191304347826
"Breast Lobular HR+","Primary",1.76666666666667,0.121468402870842,0.0465201465201465,0.00328619047619048,-0.0148842857142857,-0.0244509523809524,-0.114132857142857,-0.0133928571428571,-0.00761619047619048,-0.0797414285714286,-0.00461238095238095,-0.0177580952380952,0.10625,-0.297411904761905,-0.110905238095238,-0.0242380952380952,-0.0639723809523809,-0.0643566666666667,0.0212666666666667,0.0156014285714286,-0.057177619047619,0.268513333333333,0.0366314285714286,0.0497214285714286,0.0069247619047619,-0.0910361904761905,-0.0455385714285714,-0.0383519047619048,-0.023152380952381,-0.0104204761904762,-0.0484414285714286,-0.0537404761904762,0.0163171428571429,0.0199138095238095,-0.0411619047619048,-0.0997190476190476,0.0346104761904762,0.0141547619047619,-0.05723,0.0903547619047619,-0.0489380952380952,-0.0302095238095238,-0.107709523809524,-0.105462380952381
"Breast Lobular HR+","Metastasis",4.41717791411043,0.173967529552596,0.0703161868806041,-0.00306993865030675,-0.0232662576687117,-0.0307226993865031,-0.128939263803681,-0.00486196319018405,0.0157245398773006,-0.137338036809816,0.0115361963190184,-0.0409895705521472,0.153513496932515,-0.29970736196319,-0.180734355828221,-0.0536650306748466,-0.122348466257669,-0.146917791411043,0.00637730061349693,0.0356975460122699,-0.0872226993865031,0.35918036809816,0.0227042944785276,0.0526061349693252,0.00591349693251534,-0.135374846625767,-0.0182374233128834,-0.0241644171779141,-0.00767300613496932,0.0127361963190184,-0.0541165644171779,-0.0528963190184049,0.0416963190184049,0.0422110429447853,-0.00552515337423313,-0.0900147239263804,0.0569883435582822,0.0238196319018405,-0.0826558282208589,0.118822699386503,-0.0417631901840491,-0.0361226993865031,-0.0898282208588957,-0.0995901840490798
"Testicular Seminoma","Primary",2.31147540983607,0.3046781287485,0.132408575031526,-0.0714114754098361,-0.0422786885245902,-0.229131147540984,-0.31733606557377,0.597175409836066,0.202818032786885,-0.219837704918033,0.053355737704918,0.114008196721311,-0.0548016393442623,-0.0777819672131148,-0.0535737704918033,0.00145901639344262,-0.210601639344262,-0.246144262295082,0.146790163934426,0.155077049180328,-0.0330737704918033,0.104204918032787,-0.0633622950819672,0.00554262295081967,0.242040983606557,0.138139344262295,0.0635770491803279,0.0419672131147541,-0.0374852459016393,-0.0397573770491803,-0.172431147540984,-0.208429508196721,-0.214201639344262,-0.194611475409836,-0.0103508196721311,-0.0176081967213115,0.2506,0.178786885245902,0.19136393442623,0.229339344262295,-0.150531147540984,-0.0921229508196721,0.0999704918032787,0.0917590163934426
"Testicular Seminoma","Metastasis",3.19444444444444,0.193106368563685,0.0854700854700855,-0.0559194444444444,-0.0514805555555556,-0.152783333333333,-0.193394444444444,0.492405555555556,0.176769444444444,-0.163738888888889,-0.00476666666666666,0.0353472222222222,-0.0542611111111111,-0.0464611111111111,-0.0201194444444444,0.0654083333333333,-0.148794444444444,-0.181058333333333,0.0829277777777778,0.136686111111111,0.00700277777777778,0.114394444444444,-0.0214666666666667,0.0368222222222222,0.208177777777778,0.129663888888889,0.044375,0.00457222222222222,-0.0406,-0.0214972222222222,-0.157027777777778,-0.195958333333333,-0.168561111111111,-0.161138888888889,-0.0222388888888889,-0.0229583333333333,0.162661111111111,0.0350027777777778,0.158619444444444,0.194838888888889,-0.158308333333333,-0.103844444444444,0.0930194444444444,0.0581138888888889
"Small Cell Lung Cancer","Primary",2.94078947368421,0.354055680359435,0.151821862348178,-0.167196052631579,-0.232796710526316,-0.0767013157894737,-0.00764736842105263,0.0629736842105263,0.0748144736842105,-0.211505921052632,0.134813157894737,-0.223826315789474,-0.0625888157894737,-0.271621052631579,-0.310944078947368,0.136822368421053,0.136843421052632,0.157222368421053,0.0696881578947368,0.147126315789474,0.102464473684211,0.172948684210526,0.0929157894736842,0.115871052631579,0.0138723684210526,-0.144606578947368,-0.0359993421052632,-0.0481171052631579,-0.393803947368421,0.231910526315789,-0.179140131578947,-0.254511184210526,0.312374342105263,-0.286220394736842,0.0553796052631579,-0.0152947368421053,0.0251118421052632,0.0282289473684211,-0.0427480263157895,0.167921710526316,0.0470032894736842,-0.0313046052631579,-0.0213052631578947,0.0167013157894737
"Small Cell Lung Cancer","Metastasis",3.48765432098765,0.429704908160193,0.197214308325419,-0.206567283950617,-0.282415432098765,-0.0923574074074074,-0.0428216049382716,0.0463493827160494,0.0697654320987654,-0.16381975308642,0.151834567901235,-0.250919135802469,-0.0182358024691358,-0.236559259259259,-0.284591358024691,0.10458024691358,0.152034567901235,0.197435802469136,0.102764197530864,0.183867283950617,0.0890561728395062,0.196313580246914,0.14686049382716,0.178907407407407,0.0135327160493827,-0.217353086419753,-0.0517395061728395,-0.0608487654320988,-0.436740740740741,0.225366049382716,-0.205032716049383,-0.269022839506173,0.351667283950617,-0.301261728395062,0.111577160493827,0.030233950617284,0.0159179012345679,0.000795679012345678,-0.0611685185185185,0.179597530864198,0.0669975308641975,-0.027329012345679,0.0187308641975309,0.0455450617283951
"Cholangio Intrahepatic","Primary",2.4951768488746,0.141510469767077,0.0590320718938082,0.00850450160771704,-0.00472057877813505,-0.0122508038585209,-0.0156385852090032,0.0504755627009646,0.020279421221865,-0.0829623794212219,-0.0909681672025724,0.0162858520900322,0.0219836012861736,-0.00191093247588424,-0.0195334405144695,0.064675884244373,0.0303971061093248,-0.0205183279742765,0.0282807073954984,0.0683752411575563,-0.0727421221864952,0.155247588424437,0.0601012861736334,0.0887913183279743,-0.0387861736334405,0.00762218649517685,0.0518951768488746,0.050856270096463,-0.137810289389068,0.00647331189710611,-0.0234781350482315,-0.0805871382636656,0.0604418006430868,0.0233906752411576,-0.00032572347266881,-0.177034405144695,0.108681672025723,0.0838858520900322,-0.0564379421221865,0.102149196141479,-0.119021221864952,-0.111027009646302,-0.0662067524115756,-0.0399180064308682
"Cholangio Intrahepatic","Metastasis",3.1875,0.113058943089431,0.047008547008547,-0.00120416666666667,-0.0164635416666667,-0.0147583333333333,-0.011475,0.0409333333333333,0.029275,-0.0829916666666667,-0.0848052083333333,0.0101458333333333,0.0134416666666667,0.0104708333333333,-0.0242354166666667,0.07081875,0.0114166666666667,-0.0170979166666667,0.0133260416666667,0.0303395833333333,-0.0426614583333333,0.115240625,0.0288739583333333,0.06125,-0.0306822916666667,-0.0113947916666667,0.0514239583333333,0.0580177083333333,-0.104522916666667,0.00837604166666667,-0.0218479166666667,-0.06946875,0.0517354166666667,0.019684375,-0.00715,-0.114653125,0.0744677083333333,0.0468489583333333,-0.0445489583333333,0.0782541666666667,-0.087846875,-0.0836916666666667,-0.0401177083333333,-0.0368697916666667
"Colorectal MSS","Primary",2.89138755980861,0.19186719570545,0.0815482762851184,-0.0362847846889952,-0.0583601913875598,-0.0142188516746411,-0.0348038755980861,0.0070233014354067,-0.00630315789473684,0.221352009569378,-0.0902264114832536,-0.0929847846889952,0.0490433492822967,0.0381915311004785,-0.164478229665072,-0.00600095693779904,-0.205167655502392,-0.253200526315789,0.00994444976076555,0.0229552631578947,-0.0873232535885168,0.000263492822966507,0.130982488038278,0.360030717703349,-0.03934004784689,-0.080367990430622,0.00651272727272727,0.00237612440191388,-0.0299504306220096,-0.0117734928229665,-0.127120765550239,-0.132726794258373,-0.00314076555023923,-0.0643847846889952,-0.00470143540669856,-0.0323394258373206,0.141865885167464,0.102523827751196,-0.12560976076555,0.134436411483254,-0.0182713875598086,-0.00764866028708134,0.0169456937799043,0.0279216746411483
"Colorectal MSS","Metastasis",4.13008130081301,0.240094630621103,0.102124012693118,-0.0255689250225836,-0.067839837398374,0.000592140921409214,-0.0261998193315266,0.00477416440831075,-0.0256044263775971,0.253688346883469,-0.0935926829268293,-0.0849345076784101,0.0564505871725384,0.0475218608852755,-0.182427100271003,-0.031673261065944,-0.209727190605239,-0.287711472448058,-0.00946865401987353,0.00516413730803975,-0.130281391147245,0.00921147244805781,0.148447967479675,0.398204516711834,-0.0549256549232159,-0.111887804878049,0.0129853658536585,0.00653550135501355,-0.0586441734417344,-0.0188275519421861,-0.155137940379404,-0.168943360433604,-0.00113459801264679,-0.077209756097561,0.0274694670280036,-0.00898283649503162,0.185509033423668,0.120662872628726,-0.210154923215899,0.189288346883469,-0.0145719060523939,-0.00884977416440831,0.00378563685636856,0.0258984643179765
"Testicular Non-Seminoma","Primary",3.04918032786885,0.2203118752499,0.0922656578394283,-0.111283606557377,-0.0930311475409836,-0.117727049180328,-0.16521393442623,0.740539344262295,0.133427049180328,-0.157043442622951,0.00261967213114754,-0.0323696721311475,-0.0408450819672131,-0.0549893442622951,0.0575877049180328,0.0921606557377049,-0.202785245901639,-0.209112295081967,0.00133606557377049,-0.02915,0.0146647540983607,0.0704918032786885,-0.00129672131147541,0.0510524590163934,0.182986885245902,0.00866229508196721,0.048977868852459,0.00674262295081967,0.00444426229508197,0.0120319672131148,-0.156054098360656,-0.180939344262295,-0.141858196721311,-0.127647540983607,-0.0294131147540984,-0.0558696721311475,0.197355737704918,0.12193606557377,0.110129508196721,0.138324590163934,-0.10126393442623,-0.0790549180327869,0.149329508196721,0.144774590163934
"Testicular Non-Seminoma","Metastasis",3.97457627118644,0.22203906572964,0.0956106040851804,-0.0755677966101695,-0.0790991525423729,-0.0645101694915254,-0.0731262711864407,0.611005084745763,0.107564406779661,-0.130697457627119,-0.024921186440678,-0.0706483050847458,-0.024314406779661,-0.039914406779661,0.0355694915254237,0.0893110169491525,-0.15919406779661,-0.166927118644068,-0.0316728813559322,-0.0497008474576271,-0.00753220338983051,0.109843220338983,0.0277898305084746,0.113287288135593,0.105835593220339,0.000305932203389831,0.0788067796610169,0.0100406779661017,0.00749152542372881,0.042214406779661,-0.139028813559322,-0.166641525423729,-0.0869669491525424,-0.0901338983050848,-0.00561016949152542,-0.0469576271186441,0.122017796610169,0.0448127118644068,0.0403118644067797,0.0964127118644068,-0.10171186440678,-0.0375728813559322,0.0834677966101695,0.110600847457627
"Gastrointestinal Stromal","Primary",0.92962962962963,0.160571364046974,0.0595441595441595,-0.0348985185185185,-0.0300755555555556,-0.0171985185185185,-0.00300074074074074,0.0390796296296296,0.0646185185185185,-0.0947766666666667,-0.314418148148148,-0.215368148148148,0.0603007407407407,0.0536122222222222,0.0317140740740741,0.0779511111111111,-0.0180385185185185,-0.0290725925925926,0.0815003703703704,0.0601974074074074,-0.253394444444444,0.0741359259259259,0.0777251851851852,0.0862555555555556,0.00644074074074074,-0.258826296296296,-0.0192551851851852,0.0172940740740741,-0.00153962962962963,0.00284703703703704,0.0173351851851852,0.00917037037037037,0.121645925925926,0.106002592592593,0.0162096296296296,-0.0351,0.0680440740740741,0.0559037037037037,0.0714844444444444,0.108486296296296,-0.0812588888888889,-0.0671851851851852,-0.0351996296296296,-0.0271237037037037
"Gastrointestinal Stromal","Metastasis",2.97744360902256,0.287057582981845,0.1158665895508,-0.0977022556390977,-0.0824308270676692,-0.0162045112781955,-0.00844135338345865,0.0430052631578947,0.109823308270677,-0.174136842105263,-0.361829323308271,-0.399681954887218,0.112612030075188,0.0762248120300752,0.0446075187969925,0.125715037593985,-0.0602308270676692,-0.105275939849624,0.126496240601504,0.0845766917293233,-0.392107518796992,0.14212030075188,0.0869225563909774,0.130887969924812,0.0107195488721805,-0.413972180451128,-0.013315037593985,0.0378428571428571,0.0198992481203008,0.0387045112781955,0.0325240601503759,-0.0133127819548872,0.245103007518797,0.137551879699248,0.00829699248120301,-0.0846488721804511,0.0957962406015038,0.109123308270677,0.0904248120300752,0.191383458646617,-0.173178195488722,-0.125666165413534,-0.0800781954887218,-0.0499924812030075
"Pancreatic Adenocarcinoma","Primary",2.8468720821662,0.0608452324019038,0.0199430199430199,-0.00387852474323063,0.000132306255835667,0.0133927170868347,0.0114577030812325,0.026059943977591,-0.00545648926237162,0.0171438842203548,0.00474780578898226,0.0045640522875817,0.033943137254902,0.0328430438842204,-0.0645928104575163,-0.000775723622782446,-0.0380944911297852,-0.125392810457516,0.00155452847805789,0.0395605042016807,-0.0133394024276377,0.0557673202614379,0.0306113912231559,0.0634643323996265,-0.00585873015873016,-0.0134468720821662,0.016718487394958,0.0215946778711485,-0.0199869281045752,0.0179162464985994,-0.0192641456582633,-0.0231760971055089,0.0150975723622782,-0.00214257703081233,-0.0553820728291316,-0.0689310924369748,0.0522617180205416,0.033103548085901,-0.00995695611577965,0.0547326797385621,-0.0770830065359477,-0.0308855275443511,-0.0712349206349206,-0.063008776844071
"Pancreatic Adenocarcinoma","Metastasis",3.32203389830508,0.144771427587157,0.0549036650731566,-0.00844322033898305,0.00142923728813559,0.0248185028248588,0.0320429378531073,0.092965395480226,-0.000859322033898305,0.014620197740113,-0.00595112994350282,0.0137800847457627,0.0465127118644068,0.0412720338983051,-0.115843079096045,0.0153754237288136,-0.014684604519774,-0.174647457627119,-0.0359293785310734,0.0565426553672316,-0.0355550847457627,0.0707871468926554,0.030511581920904,0.109346327683616,-0.0548690677966102,-0.0282233050847458,0.0379737288135593,0.0489516949152542,-0.0485590395480226,0.0573800847457627,-0.0274087570621469,-0.0459032485875706,0.0407125706214689,-0.00246991525423729,-0.0434326271186441,-0.110005084745763,0.088195197740113,0.0467283898305085,-0.071450988700565,0.09935,-0.136900282485876,-0.056471186440678,-0.0915464689265537,-0.0526043785310734
"Sarcoma Lipo","Primary",3.07142857142857,0.08772212543554,0.0261904761904762,-0.0447585714285714,-0.0520742857142857,-0.0510021428571429,-0.10747,-0.0266442857142857,0.129715714285714,-0.131789285714286,-0.017455,-0.0379407142857143,-0.0387278571428571,-0.070955,-0.0209435714285714,-0.0179907142857143,-0.0433942857142857,-0.0361321428571429,0.0256985714285714,-0.0269092857142857,-0.00419142857142857,-0.0310721428571429,-0.0412685714285714,0.0182092857142857,-0.00137285714285714,-0.0378614285714286,-0.0382071428571429,-0.0315757142857143,-0.0344407142857143,-0.04765,-0.0250407142857143,-0.0409614285714286,0.00347214285714286,-0.03449,-0.033825,0.0392371428571429,0.00198571428571429,-0.0299328571428571,-0.0106178571428571,0.0294607142857143,-0.111825714285714,-0.00743714285714286,-0.0703421428571429,-0.132051428571429
"Sarcoma Lipo","Metastasis",4.28409090909091,0.10262610864745,0.0303030303030303,-0.0453136363636364,-0.0425556818181818,-0.0859272727272727,-0.107282954545455,-0.0404443181818182,0.0628988636363636,-0.108593181818182,-0.0195147727272727,-0.0351840909090909,-0.0374772727272727,-0.0717261363636364,-0.0422863636363636,-0.0249761363636364,-0.0243465909090909,-0.0365488636363636,0.0330170454545455,0.0148897727272727,0.0143670454545455,-0.00257159090909091,-0.0319147727272727,0.0444272727272727,0.0172318181818182,-0.0520170454545455,-0.0262079545454545,-0.0255863636363636,-0.0538102272727273,-0.0597886363636364,-0.0407522727272727,-0.0482681818181818,0.00860681818181818,-0.0371784090909091,-0.0356715909090909,0.0205704545454545,0.00345454545454545,-0.0275954545454545,-0.0315636363636364,0.00384204545454545,-0.108402272727273,-0.0105056818181818,-0.0533352272727273,-0.106125
"Ovarian Low-Grade Serous","Primary",5.21875,0.157012195121951,0.0697115384615385,-0.014128125,-0.004921875,-0.017375,-0.008690625,0.0825375,0.082059375,-0.030878125,-0.000803124999999998,-0.05840625,-0.0042,-0.01315,-0.009725,-0.004740625,-0.07366875,-0.07473125,-0.01666875,-0.039934375,-0.25144375,0.182953125,0.049434375,0.061884375,0.05946875,-0.138425,0.005903125,0.00528125,0.046021875,0.041184375,-0.0693,-0.075740625,0.003346875,0.013509375,-0.0471125,-0.0922875,0.019721875,-0.001671875,0.08488125,0.1122,-0.061325,-0.031159375,-0.154478125,-0.1593625
"Ovarian Low-Grade Serous","Metastasis",5.29824561403509,0.185376551133932,0.0872694556905083,0.0354245614035088,0.0426456140350877,-0.0528333333333333,-0.031280701754386,0.0757140350877193,0.0741684210526316,-0.000184210526315789,0.00103508771929824,-0.0617842105263158,-0.0282666666666667,-0.0499052631578947,-0.0288964912280702,0.0110333333333333,-0.113940350877193,-0.123349122807018,0.0127,-0.0179508771929825,-0.264617543859649,0.153035087719298,0.107864912280702,0.125424561403509,0.0286052631578947,-0.109659649122807,0.00943508771929825,0.00150701754385965,0.0204491228070175,0.0463473684210526,-0.0789491228070175,-0.0936017543859649,0.0453385964912281,0.0420140350877193,-0.0511543859649123,-0.0866228070175439,0.0407210526315789,0.0309684210526316,0.101105263157895,0.174754385964912,-0.173673684210526,-0.101550877192982,-0.170557894736842,-0.167363157894737
"Cholangio Extrahepatic","Primary",2.74324324324324,0.086404087013843,0.0287595287595288,-0.0112459459459459,-0.00748378378378378,0.00775945945945946,0.00166081081081081,0.0350148648648649,-0.00835135135135135,-0.000386486486486486,-0.0289891891891892,0.0329932432432432,0.0345283783783784,0.0229472972972973,-0.0625540540540541,0.0359675675675676,-0.0118905405405405,-0.111532432432432,-0.0382189189189189,0.0593837837837838,-0.0244891891891892,0.0695297297297297,0.0342067567567568,0.0525864864864865,-0.00465810810810811,-0.00602837837837838,0.0203743243243243,0.0232472972972973,-0.0134878378378378,0.0329837837837838,-0.0235310810810811,-0.0412581081081081,0.0270216216216216,-0.0283986486486486,-0.00745675675675676,-0.0682567567567568,0.0722675675675676,0.0597418918918919,0.00450675675675676,0.0533486486486486,-0.107889189189189,-0.0320972972972973,-0.0502743243243243,-0.0492472972972973
"Cholangio Extrahepatic","Metastasis",3.13333333333333,0.127913279132791,0.052991452991453,-0.0337755555555556,-0.0326022222222222,-0.00481777777777778,-0.0328155555555556,0.0440911111111111,0.00594,0.00891111111111111,0.00557333333333333,-0.0254222222222222,0.0111933333333333,-0.0334622222222222,-0.0799377777777778,0.0668555555555556,0.0142622222222222,-0.0882533333333333,-0.0631222222222222,0.0658,-0.0529133333333333,0.0294955555555556,0.0203511111111111,0.08524,-0.0520044444444444,-0.00238222222222222,0.0349444444444444,0.0392377777777778,-0.0497666666666667,0.0759133333333333,-0.0523244444444444,-0.0646422222222222,0.0416333333333333,-0.0413911111111111,-0.0166888888888889,-0.0709622222222222,0.0755977777777778,0.0585822222222222,-0.0422688888888889,0.08488,-0.0927755555555556,-0.0168088888888889,-0.0940511111111111,-0.0585377777777778
"Thyroid Poorly Differentiated","Primary",3.26388888888889,0.143292682926829,0.0623219373219373,-0.0299805555555556,-0.0100416666666667,-0.0618847222222222,-0.123184722222222,0.0516319444444444,0.0546291666666667,-0.0814819444444444,0.0444680555555556,-0.0395694444444444,0.0541263888888889,-0.00825555555555556,0.00719861111111111,0.0859180555555556,-0.0184319444444444,-0.0257402777777778,0.0127833333333333,0.0545833333333333,-0.081,0.0682986111111111,0.0344569444444444,0.0594527777777778,0.0611986111111111,-0.213598611111111,-0.0218069444444444,-0.0209222222222222,-0.0164861111111111,-0.00732638888888889,-0.0108972222222222,-0.0171402777777778,0.0437486111111111,0.0383847222222222,-0.0283222222222222,-0.0495111111111111,0.0965402777777778,0.0938708333333333,-0.0232805555555556,-0.0189,-0.0841194444444444,-0.0660638888888889,-0.0201375,-0.0262125
"Thyroid Poorly Differentiated","Metastasis",4.88135593220339,0.198842496899545,0.0899608865710561,-0.0451271186440678,-0.0353491525423729,-0.0540338983050847,-0.113503389830508,0.0240372881355932,0.031128813559322,-0.114127118644068,0.039793220338983,-0.0688372881355932,0.0131694915254237,-0.0679728813559322,-0.0612389830508475,0.0841,-0.0112508474576271,-0.025064406779661,0.00468305084745763,0.0478542372881356,-0.0867949152542373,0.182272881355932,0.0630440677966102,0.0942084745762712,0.0298864406779661,-0.212583050847458,-0.0292576271186441,-0.0223050847457627,-0.0218305084745763,0.0125254237288136,-0.0147237288135593,-0.0298338983050847,0.0978440677966102,0.0900220338983051,-0.014835593220339,-0.108145762711864,0.123252542372881,0.114527118644068,-0.012464406779661,-0.00385254237288136,-0.11568813559322,-0.0989203389830508,-0.059571186440678,-0.0355101694915254
"Breast Ductal Triple Negative","Primary",2.22727272727273,0.228003613369467,0.0780885780885781,0.107835353535354,-0.0661161616161616,-0.0482454545454545,-0.0390186868686869,0.0733515151515152,-0.101060101010101,-0.137284848484848,-0.139855050505051,-0.0867444444444444,-0.0102732323232323,-0.0603722222222222,-0.143341414141414,-0.0365363636363636,-0.00902020202020202,-0.0857181818181818,0.0185909090909091,0.0422878787878788,-0.0105292929292929,0.214536868686869,-0.00324191919191919,0.0543090909090909,0.0654606060606061,-0.0175161616161616,0.0605267676767677,-0.0333459595959596,-0.0978944444444445,0.034709595959596,-0.15550101010101,-0.13575404040404,-0.00584646464646465,-0.186083838383838,0.0528141414141414,-0.0283333333333333,0.0290722222222222,0.0595429292929293,-0.120782323232323,0.262622727272727,-0.016089898989899,-0.0570424242424242,-0.190072222222222,-0.15475303030303
"Breast Ductal Triple Negative","Metastasis",4.61538461538461,0.285660071635681,0.111350188273265,0.134514685314685,-0.0874503496503496,-0.0677888111888112,-0.0565811188811189,0.0932685314685315,-0.0940937062937063,-0.148776923076923,-0.0881832167832168,-0.116105594405594,0.0161244755244755,-0.0451867132867133,-0.153012587412587,-0.0742090909090909,-0.00113916083916084,-0.0967804195804196,0.0394734265734266,0.046179020979021,-0.0213335664335664,0.230527972027972,0.0149307692307692,0.121365034965035,0.0388937062937063,-0.00533146853146853,0.0634321678321678,-0.0526034965034965,-0.0812804195804196,0.0611020979020979,-0.185123776223776,-0.165014685314685,0.0296321678321678,-0.183474125874126,0.0293013986013986,-0.026258041958042,0.0661020979020979,0.0888622377622378,-0.182320979020979,0.290445454545455,0.0260748251748252,-0.0642174825174825,-0.15881958041958,-0.139099300699301
"Prostate Adenocarcinoma","Primary",1.73856707317073,0.0675755688578227,0.0324030644152595,-0.0133910823170732,-0.00779359756097561,0.0151146341463415,0.0217500762195122,-0.00994672256097561,0.0371835365853659,-0.079675,0.0513944359756098,0.00104123475609756,0.0253167682926829,-0.0814245426829268,-0.0242405487804878,0.0280177591463415,-0.0031797256097561,-0.0416695884146341,0.0184250762195122,0.0177008384146341,0.00851074695121951,0.0436516006097561,0.0235026676829268,0.0391528963414634,0.0545899390243902,-0.007484375,0.00783574695121951,-0.00967538109756098,0.049612881097561,0.0761290396341463,-0.00726707317073171,0.00295442073170732,0.0234473323170732,-0.0119205792682927,-0.0090234756097561,-0.0542272103658537,0.0901451981707317,0.0844346036585366,-0.0804348323170732,0.165105945121951,0.00136082317073171,0.0478356707317073,-0.0167049542682927,-0.0268997713414634
"Prostate Adenocarcinoma","Metastasis",3.57093023255814,0.176775891909187,NA,-0.0333510465116279,-0.0656704651162791,0.0098946511627907,0.0214497674418605,-0.047101511627907,0.055623023255814,-0.196040465116279,0.0362473255813954,-0.0863187209302326,0.0626303488372093,-0.184765465116279,-0.103151046511628,0.0495408139534884,-0.0043156976744186,-0.109086976744186,-0.00363418604651163,0.00750476744186047,-0.0393851162790698,0.0948596511627907,0.0344836046511628,0.0858412790697674,0.00264348837209302,-0.0657863953488372,0.00933581395348837,-0.0335777906976744,0.0533313953488372,0.122636162790698,-0.0516898837209302,-0.0272470930232558,0.075828488372093,-0.0399332558139535,-0.00443639534883721,-0.0993056976744186,0.117780348837209,0.11846011627907,-0.209163953488372,0.31595011627907,0.00113883720930233,0.0693231395348837,0.0749336046511628,0.0116929069767442
"Adenoid Cystic Carcinoma","Primary",3.14,0.0873170731707317,0.0425641025641026,-0.032894,-0.025038,-0.073352,-0.03594,-0.03438,-0.034636,-0.01577,-0.093234,0.002262,0.003084,-0.020012,-0.003072,0.051468,0.006328,0.017716,0.02967,0.022104,-0.0288,0.047446,-0.006982,0.01826,0.062748,0.03145,0.020786,-0.01532,-0.019304,0.003118,-0.033648,-0.007142,-0.056724,-0.065394,0.033854,-0.008984,0.008558,0.00818,0.052792,0.104474,-0.017988,-0.003136,-0.181326,-0.154726
"Adenoid Cystic Carcinoma","Metastasis",4.50980392156863,0.0835844093735055,0.0382101558572147,-0.00767647058823529,0.000128431372549019,-0.0328166666666667,-0.0267166666666667,-0.014778431372549,-0.0476107843137255,-0.0111352941176471,-0.0469372549019608,0.0132735294117647,0.0331735294117647,0.0133362745098039,-0.0237970588235294,0.0429166666666667,0.0338333333333333,0.0284598039215686,0.06285,0.0702813725490196,-0.0320823529411765,0.0217362745098039,0.0221941176470588,0.0532509803921569,0.0690637254901961,0.0821509803921569,0.0127470588235294,0.00165490196078431,-0.0290088235294118,0.0304137254901961,-6.37254901960779e-05,0.0161872549019608,-0.0175745098039216,-0.0595529411764706,0.00843725490196079,-0.0539970588235294,0.0318372549019608,0.0340382352941176,0.0234509803921569,0.0661705882352941,-0.0145745098039216,-0.00594607843137255,-0.102280392156863,-0.104480392156863
"Cervical Squamous Cell","Primary",3.21212121212121,0.159645232815964,0.0637140637140637,-0.102325757575758,-0.0782151515151515,-0.0706727272727273,-0.151292424242424,-0.0527272727272727,-0.0212106060606061,-0.1116,0.0110909090909091,0.00399393939393939,0.00841666666666667,0.00642575757575758,-0.099019696969697,0.0130681818181818,-0.0277060606060606,-0.0722030303030303,-0.0603106060606061,0.0371954545454545,0.0567848484848485,0.095569696969697,0.0387393939393939,0.0778954545454545,0.0155,-0.00975606060606061,0.0130863636363636,-0.0582636363636364,-0.221171212121212,0.28660303030303,-0.208775757575758,-0.114625757575758,0.0645681818181818,-0.0806333333333333,-0.0571606060606061,-0.143912121212121,-0.0125287878787879,-0.0275742424242424,-0.0543727272727273,0.0488075757575758,-0.0348227272727273,0.0202030303030303,-0.0741015151515152,-0.0650469696969697
"Cervical Squamous Cell","Metastasis",3.7027027027027,0.134920896506262,0.0672210672210672,-0.0451135135135135,-0.0835027027027027,-0.0415864864864865,-0.0813162162162162,-0.036627027027027,-0.0246135135135135,-0.112918918918919,-0.0119756756756757,0.0202864864864865,-0.00681081081081081,0.0265891891891892,-0.137789189189189,0.0192162162162162,-0.0046027027027027,-0.0505945945945946,-0.0618594594594595,0.013127027027027,0.0365432432432432,0.104632432432432,0.0793432432432432,0.116572972972973,0.0249108108108108,-0.00804324324324324,-0.00536756756756757,-0.0596972972972973,-0.199748648648649,0.189921621621622,-0.125259459459459,-0.113716216216216,0.0752378378378378,-0.0415918918918919,-0.0305594594594595,-0.100308108108108,-0.00464864864864865,-0.0315135135135135,-0.0291783783783784,0.0289540540540541,-0.0349135135135135,0.0138189189189189,-0.0662972972972973,-0.065354054054054
"Anal Squamous Cell","Primary",2.28846153846154,0.146341463414634,0.0788954635108481,-0.0460634615384615,-0.0387673076923077,-0.039375,-0.174734615384615,-0.00596730769230769,-0.0208461538461538,-0.0905480769230769,-0.00588653846153846,-0.0152,0.012025,-0.0386769230769231,-0.0326942307692308,0.00611923076923077,-0.0102423076923077,-0.00913846153846154,-0.0359346153846154,0.0141134615384615,0.0463461538461538,0.0585192307692308,0.07555,0.0699384615384615,0.0157211538461538,0.0302461538461538,-0.0125942307692308,-0.0578807692307692,-0.140005769230769,0.278763461538462,-0.144698076923077,-0.0997538461538462,0.0224480769230769,-0.0400903846153846,0.00872307692307692,-0.0472346153846154,0.00640769230769231,-0.0185269230769231,-0.0449076923076923,0.101840384615385,0.0363403846153846,0.0540961538461538,-0.09155,-0.0768230769230769
"Anal Squamous Cell","Metastasis",3.91428571428571,0.177003484320557,0.093040293040293,-0.0751742857142857,-0.0805114285714286,-0.0885371428571429,-0.208014285714286,-0.04092,0.00130571428571429,-0.0936885714285714,-0.0495257142857143,0.00786857142857143,0.0592714285714286,-0.156542857142857,-0.0724085714285714,0.0672114285714286,-0.00885142857142857,-0.0268085714285714,-0.0186371428571429,0.0459714285714286,0.0293771428571429,0.2072,0.0809028571428571,0.110414285714286,0.0363,0.0334457142857143,0.01186,-0.04438,-0.171631428571429,0.271657142857143,-0.103028571428571,-0.0526657142857143,0.0879342857142857,0.0199285714285714,-0.0468228571428571,-0.0389285714285714,-0.0332714285714286,-0.00901142857142857,-0.0597085714285714,0.0725914285714286,-0.0510942857142857,-0.01538,-0.107374285714286,-0.122805714285714
"Lung Squamous Cell Carcinoma","Primary",2.03307888040712,0.16093526965804,0.0687675344163894,-0.0414386768447837,-0.0673872773536896,-0.0249267175572519,-0.0126284987277354,0.086004834605598,0.0300409669211196,-0.10141272264631,-0.0137895674300254,0.00641221374045802,-0.0112709923664122,-0.0359203562340967,-0.0911361323155216,0.0380137404580153,0.00757099236641221,-0.0509590330788804,0.0144837150127226,0.050310941475827,-0.0559727735368957,0.0744267175572519,0.0973157760814249,0.0983748091603053,-0.0469623409669211,0.0968867684478372,0.0800139949109415,0.0147,-0.155565139949109,0.220195674300254,-0.11048524173028,-0.110948854961832,0.15466641221374,-0.125409160305344,-0.0177399491094148,-0.032427989821883,0.0638208651399491,0.0521239185750636,-0.062175572519084,0.100000763358779,-0.126937659033079,-0.0526898218829517,-0.0756119592875318,-0.0434391857506361
"Lung Squamous Cell Carcinoma","Metastasis",3.63194444444444,0.250364159891599,0.10968660968661,-0.06313125,-0.0980916666666667,-0.0350875,-0.0192131944444444,0.121684722222222,0.0431479166666667,-0.1292375,-0.0158604166666667,0.0124520833333333,-0.0272722222222222,-0.0623673611111111,-0.0995916666666667,0.0808909722222222,-0.0195020833333333,-0.09755625,-0.0203416666666667,0.0518652777777778,-0.102297222222222,0.0881548611111111,0.113149305555556,0.12215,-0.0561583333333333,0.0741826388888889,0.0798965277777778,0.00170069444444445,-0.19891875,0.281361805555556,-0.134151388888889,-0.138416666666667,0.211146527777778,-0.138904166666667,-0.00995416666666667,-0.0595694444444444,0.129339583333333,0.0621548611111111,-0.102504861111111,0.152765277777778,-0.108099305555556,-0.0173013888888889,-0.123225,-0.0338347222222222
"Cutaneous Squamous Cell","Primary",0.833333333333333,0.0835591689250225,0.043684710351377,-0.0136685185185185,-0.00461666666666667,-0.00458148148148148,-0.028837037037037,0.00812222222222222,0.0149574074074074,-0.0332222222222222,0.0198148148148148,0.0216962962962963,0.00355740740740741,-0.00440555555555556,-0.0203481481481481,0.00469444444444444,-0.00192962962962963,-0.0500388888888889,-0.0142462962962963,0.00641296296296296,0.036837037037037,0.0362444444444444,0.0777574074074074,0.0894537037037037,0.0047,0.0497074074074074,0.0128851851851852,-0.00188333333333333,-0.0813888888888889,0.0984555555555556,-0.0439111111111111,-0.0377074074074074,0.0583740740740741,-0.022562962962963,-0.00316111111111111,-0.00816481481481481,0.0675685185185185,0.0476740740740741,-0.0389888888888889,0.136598148148148,-0.0808018518518518,0.0425537037037037,-0.0613185185185185,-0.0496037037037037
"Cutaneous Squamous Cell","Metastasis",1.41176470588235,0.129124820659971,0.0673705379587732,-0.0272,-0.0434078431372549,-0.00581960784313726,-0.0122588235294118,0.0436803921568627,0.00183333333333333,-0.0510764705882353,0.0621372549019608,-0.0609862745098039,0.0162372549019608,0.00997647058823529,-0.0469549019607843,0.0306372549019608,-0.00893333333333333,-0.0967764705882353,-0.0133313725490196,0.0139764705882353,0.0357725490196078,0.0373921568627451,0.0818019607843137,0.0888254901960784,0.00283529411764706,0.0292,0.00341372549019608,-0.0108882352941176,-0.100929411764706,0.131617647058824,-0.0729843137254902,-0.0642843137254902,0.086,-0.0297509803921569,-0.0109862745098039,-0.0154392156862745,0.117027450980392,0.0400235294117647,-0.0351705882352941,0.137454901960784,-0.0202490196078431,0.105476470588235,-0.0288764705882353,-0.0108392156862745
"Thyroid Papillary","Primary",1.765625,0.0394435975609756,0.0146233974358974,-0.007084375,-0.00368984375,-0.02504375,-0.03234765625,0.01659765625,0.01509140625,-0.0408046875,0.027865625,0.0104203125,0.01663515625,-0.0029,0.00839140625,0.03471796875,-0.01466484375,-0.00668828125,0.001221875,0.01991875,0.01334296875,0.073025,0.00084921875,-0.01040625,0.03705703125,-0.05721875,-0.0005640625,-0.00825390625,0.0063625,0.00058359375,-0.014565625,-0.01456171875,0.00342421875,0.01042734375,-0.01176640625,-0.03618203125,0.011678125,0.01233828125,-0.00390859375,-0.004759375,-0.01470078125,-0.02462421875,-0.0767703125,-0.0831015625
"Thyroid Papillary","Metastasis",3.27932960893855,0.0534711813598583,0.0216301389485747,-0.0120748603351955,-0.00373575418994413,-0.0170340782122905,-0.0473960893854749,0.00524748603351955,0.00712178770949721,-0.0392189944134078,0.0294296089385475,0.00957486033519553,0.00932178770949721,-0.0200871508379888,0.00991731843575419,0.0563541899441341,-0.0150765363128492,-0.0195212290502793,0.0233307262569832,0.0236698324022346,0.00497709497206704,0.139719553072626,0.00543798882681564,0.00158156424581006,0.0489843575418994,-0.105668156424581,0.00459888268156425,-0.00243463687150838,0.0143625698324022,0.0142346368715084,-0.0124731843575419,-0.0169581005586592,0.0336625698324022,0.021527374301676,-0.0082608938547486,-0.0259698324022346,0.01,0.0177536312849162,-0.00508100558659218,0.00876368715083799,-0.0861189944134078,-0.0837351955307263,-0.0775720670391061,-0.0728178770949721
"Renal Clear Cell","Primary",3.33454545454545,0.103148558758315,0.0441958041958042,0.00414254545454545,0.00511890909090909,0.0117196363636364,-0.00438472727272727,0.067704,0.0646585454545455,-0.0175014545454545,-0.098824,-0.00679272727272727,0.0517956363636364,0.0311298181818182,-0.000476,0.0238767272727273,-0.0212945454545455,-0.0285585454545455,0.03002,0.0334596363636364,-0.012188,0.0206894545454545,0.0563163636363636,0.0683250909090909,0.0519203636363636,0.0191843636363636,0.0297083636363636,0.0218258181818182,-0.213626545454545,-0.00666472727272727,-0.0302876363636364,-0.0347610909090909,0.0932483636363636,0.132321090909091,-0.0345261818181818,-0.051236,0.119270545454545,0.114817454545455,-0.0453752727272727,0.0174276363636364,-0.079036,-0.078924,-0.0193167272727273,-0.0134425454545455
"Renal Clear Cell","Metastasis",4.79452054794521,0.122786501837621,0.0528626624517035,0.00570342465753425,-0.00446027397260274,0.00367534246575342,-0.00295890410958904,0.0889650684931507,0.0851232876712329,-0.0154171232876712,-0.117058219178082,-0.012022602739726,0.0390664383561644,0.0220897260273973,-0.0213369863013699,0.023808904109589,-0.0420486301369863,-0.0439143835616438,0.00843630136986301,0.023358904109589,-0.00762876712328767,0.0393404109589041,0.0637006849315069,0.0798972602739726,0.0265883561643836,0.0115020547945205,0.0340404109589041,0.01935,-0.150230136986301,0.0325904109589041,-0.0514869863013699,-0.0464513698630137,0.0998924657534247,0.114902054794521,-0.0185753424657534,-0.0270191780821918,0.102170547945205,0.106493835616438,-0.0717691780821918,0.0777294520547945,-0.148550684931507,-0.136778767123288,-0.0150671232876712,-0.0104157534246575
"Head and Neck Squamous","Primary",2.43654822335025,0.123232635879658,0.0601327606403749,-0.0351913705583756,-0.0252497461928934,-0.0145802030456853,-0.0615598984771574,0.0496182741116751,0.0235507614213198,-0.0708746192893401,-0.00264213197969543,-0.00592131979695431,0.0151081218274112,-0.0295822335025381,-0.0114071065989848,0.0273441624365482,0.0153375634517767,-0.0526893401015228,0.0139467005076142,0.0220426395939086,-0.00303604060913706,0.0393695431472081,0.0676421319796954,0.0645832487309645,-0.00783401015228426,0.0426416243654822,0.0250096446700508,-0.0121137055837563,-0.122524873096447,0.127549746192893,-0.0631081218274112,-0.0518593908629442,0.0606192893401015,-0.0394827411167513,-0.0191522842639594,-0.0323035532994924,0.0663289340101523,0.0286705583756345,-0.0542005076142132,0.13717461928934,-0.0241497461928934,0.0208284263959391,-0.0649634517766497,-0.0331868020304569
"Head and Neck Squamous","Metastasis",4.04186046511628,0.179878048780488,0.0920691711389386,-0.033693488372093,-0.0623702325581395,-0.0200758139534884,-0.11561488372093,0.067586511627907,0.0123451162790698,-0.130124186046512,-0.0259,-0.0298525581395349,0.0076093023255814,-0.0734841860465116,-0.0656837209302326,0.0280441860465116,0.0387762790697674,-0.0175595348837209,0.0058,0.032593488372093,-0.00520372093023256,0.0909451162790698,0.0905911627906977,0.0937037209302326,-0.0236883720930233,0.0356916279069767,0.0381455813953488,-0.0233279069767442,-0.14464511627907,0.257699534883721,-0.0854823255813953,-0.0617241860465116,0.108498139534884,-0.0419753488372093,-0.00813441860465116,-0.0379874418604651,0.0769888372093023,0.0158362790697674,-0.0429125581395349,0.147116279069767,-0.00750744186046512,0.0479395348837209,-0.061286976744186,-0.0388553488372093
"Lung Neuroendocrine","Primary",1.98039215686275,0.247907699665232,0.104072398190045,-0.0697372549019608,-0.1171,-0.0218470588235294,-0.0422470588235294,0.0285843137254902,0.0671372549019608,-0.114323529411765,0.0325196078431373,-0.0610490196078431,0.0562549019607843,-0.00861764705882353,-0.106245098039216,0.077456862745098,-0.0102862745098039,-0.0210078431372549,-0.0740098039215686,0.0650352941176471,-0.0172843137254902,0.127041176470588,0.125941176470588,0.148364705882353,-0.0633980392156863,-0.0621352941176471,0.0087921568627451,0.0143529411764706,-0.218309803921569,-0.0447176470588235,-0.0692019607843137,-0.1028,0.158872549019608,-0.111929411764706,0.0165843137254902,-0.0765764705882353,0.092921568627451,0.0862941176470588,-0.044121568627451,0.162723529411765,-0.184058823529412,-0.043143137254902,-0.0669313725490196,-0.0344745098039216
"Lung Neuroendocrine","Metastasis",3.29310344827586,0.35946173254836,0.160919540229885,-0.0225706896551724,-0.149834482758621,-0.0589241379310345,-0.0330844827586207,0.062598275862069,0.077348275862069,-0.218870689655172,0.0565655172413793,-0.142851724137931,0.0215672413793103,-0.13803275862069,-0.166558620689655,0.123963793103448,-0.0296913793103448,0.00523448275862069,-0.0766637931034483,0.165705172413793,-0.0229655172413793,0.164937931034483,0.166693103448276,0.192056896551724,-0.0612465517241379,-0.0929051724137931,0.00767758620689655,0.0115275862068966,-0.278743103448276,-0.000406896551724137,-0.106322413793103,-0.13088275862069,0.237555172413793,-0.103863793103448,0.0916275862068966,-0.125829310344828,0.0666155172413793,0.0955379310344828,-0.0558672413793103,0.220920689655172,-0.136491379310345,-0.0821137931034483,-0.0691913793103448,-0.0335448275862069
"Breast Ductal HR-HER2+","Primary",2.2,0.207073170731707,0.0552268244575937,0.0538415384615385,-0.0981446153846154,-0.0915707692307692,-0.0771553846153846,-0.0813353846153846,-0.07362,-0.110166153846154,-0.0467123076923077,-0.0454584615384615,-0.0167476923076923,-0.0813907692307692,-0.200926153846154,-0.0523369230769231,-0.107616923076923,-0.128535384615385,-0.0660892307692308,-0.0530246153846154,-0.0629323076923077,0.172987692307692,0.0301230769230769,0.0882476923076923,0.0249446153846154,-0.0184584615384615,-0.00351846153846154,-0.0550384615384615,-0.106263076923077,-0.0370184615384615,-0.185630769230769,-0.103106153846154,0.0701938461538461,-0.115370769230769,-0.0152830769230769,-0.0678753846153846,0.0737630769230769,0.0247246153846154,-0.215993846153846,0.198893846153846,-0.135595384615385,-0.103683076923077,-0.107816923076923,-0.106887692307692
"Breast Ductal HR-HER2+","Metastasis",3.82,0.211878048780488,0.0671794871794872,0.066124,-0.097838,-0.030432,-0.042144,-0.057396,-0.05242,-0.09554,-0.038462,-0.065872,-0.00089,-0.0668,-0.209052,-0.041718,-0.06825,-0.192434,-0.120048,-0.03299,-0.015532,0.170204,0.056622,0.12931,0.038686,-0.024832,0.034318,-0.02404,-0.11592,-0.012318,-0.172816,-0.077262,0.065944,-0.083742,0.014804,-0.10183,0.079702,0.011672,-0.204052,0.226454,-0.17205,-0.0998,-0.152376,-0.158876
"Melanoma Cutaneous","Primary",1.43093922651934,0.138930063333782,0.0619067856636917,-0.108724861878453,-0.136763535911602,-0.0435325966850829,-0.0408265193370166,0.00656243093922652,-0.0152563535911602,0.0166977900552486,-0.019485635359116,0.016924861878453,0.000931491712707183,-0.0275977900552486,-0.0503917127071823,0.0321662983425414,-0.0153458563535912,-0.0186044198895028,0.0271110497237569,0.0272044198895028,0.0251386740331492,0.102174033149171,0.0791425414364641,0.0921088397790055,0.0266066298342541,0.0603552486187845,0.00837016574585635,0.00537734806629834,-0.00400110497237569,-0.0288779005524862,-0.000422099447513812,-0.018228729281768,-0.000156906077348066,-0.0359403314917127,0.119674033149171,-0.11752044198895,0.0987530386740332,0.108346408839779,0.00144088397790055,0.114924861878453,-0.187440331491713,-0.128566850828729,-0.0852397790055249,-0.0701729281767956
"Melanoma Cutaneous","Metastasis",3.21376281112738,0.219287539704995,0.100874723129482,-0.148893850658858,-0.184060907759883,-0.0634844802342606,-0.10908243045388,-0.00927774524158126,-0.0419654465592972,-0.00141874084919473,-0.0265051244509517,0.0319814055636896,0.00562767203513909,-0.0587102489019034,-0.0625730600292826,0.045092972181552,-0.0411865300146413,-0.0557625183016105,0.0351503660322108,0.0297442166910688,0.00818550512445095,0.155215080527086,0.102761200585652,0.161987115666179,-0.00799648609077599,0.116297218155198,0.0140919472913616,0.00107935578330893,0.0240484626647145,-0.0102755490483163,-0.0343768667642753,-0.0517259150805271,-0.00238711566617862,-0.0665396778916545,0.154385944363104,-0.17479897510981,0.167062518301611,0.180267203513909,-0.0123657393850659,0.125891508052709,-0.211084919472914,-0.124094289897511,-0.0620749633967789,-0.0524404099560761
"Sarcoma UPS/MXF","Primary",2.4031007751938,0.270136131593874,NA,-0.101707751937984,-0.171541860465116,-0.081131007751938,-0.0929333333333333,-0.0421356589147287,-0.0379054263565891,-0.151179069767442,-0.0174868217054264,-0.00105581395348837,-0.0364728682170543,-0.156185271317829,0.0246434108527132,0.0392434108527132,-0.014962015503876,-0.0517248062015504,0.0876891472868217,0.0373573643410853,0.0679674418604651,0.0334558139534884,-0.0269503875968992,0.13572480620155,0.0443922480620155,0.0190899224806202,-0.0419558139534884,-0.0713093023255814,-0.0348550387596899,-0.0206945736434109,0.0220449612403101,-0.058168992248062,0.110103100775194,-0.0132937984496124,-0.0138875968992248,-0.0307457364341085,0.122843410852713,0.0642139534883721,-0.0394953488372093,0.0548550387596899,-0.0869705426356589,0.060237984496124,0.00506511627906977,-0.0713589147286822
"Sarcoma UPS/MXF","Metastasis",3.16216216216216,0.24291364535267,0.101524601524602,-0.106416216216216,-0.145395945945946,-0.0855027027027027,-0.0876054054054054,-0.0193486486486487,-0.00165405405405405,-0.141808108108108,0.00452432432432432,0.0293594594594595,-0.0398027027027027,-0.134325675675676,0.0242878378378378,0.0909067567567568,-0.0131283783783784,-0.066722972972973,0.0478135135135135,-0.00617027027027027,0.108314864864865,0.0340081081081081,-0.0476243243243243,0.109554054054054,0.0259878378378378,0.0738783783783784,-0.040727027027027,-0.0933810810810811,-0.00138243243243243,-0.0266567567567568,0.0407054054054054,-0.0574202702702703,0.151917567567568,-0.0389567567567568,0.0280783783783784,-0.0374391891891892,0.0960675675675676,-3.24324324324312e-05,-0.0259310810810811,0.0284351351351351,-0.0678675675675676,0.0793662162162162,0.0731148648648649,-0.0343189189189189
"Gallbladder Cancer","Primary",2.70588235294118,0.117374461979914,0.0428355957767722,-0.00780117647058823,-0.0251011764705882,-0.00785764705882353,-0.0143882352941176,-0.0113329411764706,-0.029,0.00654117647058823,-0.0474741176470588,-0.0123941176470588,-0.00761647058823529,-0.0191423529411765,-0.0932011764705882,0.0567164705882353,-0.0375658823529412,-0.135802352941176,-0.06358,0.09178,-0.00898235294117647,0.0664517647058823,0.0244635294117647,0.0991611764705882,-0.0161376470588235,0.00224470588235294,0.0183882352941176,0.0181505882352941,-0.0406035294117647,0.0328788235294118,-0.0386341176470588,-0.0667388235294118,0.0308517647058824,-0.052,-0.0504894117647059,-0.0558047058823529,0.0861729411764706,0.0315894117647059,-0.00174117647058824,0.0728752941176471,-0.118937647058824,-0.0666105882352941,-0.0708858823529412,-0.0657658823529412
"Gallbladder Cancer","Metastasis",3.51162790697674,0.141059273964833,0.0578413834227788,-0.00583139534883721,-0.0271488372093023,-0.0378860465116279,-0.029603488372093,0.0355848837209302,0.000363953488372093,-0.0456732558139535,-0.0300232558139535,-0.0178162790697674,-0.0367662790697674,-0.0406860465116279,-0.0957593023255814,0.0471697674418605,-0.000953488372093023,-0.117179069767442,-0.055706976744186,0.0718790697674419,-0.0316523255813954,0.044406976744186,0.0428313953488372,0.108016279069767,-0.0470290697674419,-0.00368255813953488,0.0267186046511628,0.0117232558139535,-0.0371383720930233,0.0535988372093023,-0.0486720930232558,-0.0679290697674419,0.0597046511627907,-0.041796511627907,0.00436046511627907,-0.053843023255814,0.0680116279069767,0.00672558139534884,-0.0782290697674419,0.0704779069767442,-0.132741860465116,-0.063393023255814,-0.0818186046511628,-0.0656348837209302
"Uterine Carcinosarcoma","Primary",3.97674418604651,0.284221970126678,0.11329755515802,0.0332806201550388,-0.0369759689922481,-0.123451937984496,-0.108264341085271,0.0749930232558139,0.000988372093023256,-0.0980395348837209,-0.0827992248062016,-0.199041085271318,-0.0548426356589147,-0.16056976744186,-0.194944186046512,-0.0093077519379845,-0.0022093023255814,-0.127396899224806,-0.085277519379845,0.108893798449612,-0.0481162790697674,0.164982945736434,0.121229457364341,0.222856589147287,0.0193162790697674,-0.166583720930233,0.0829767441860465,0.0255627906976744,-0.0855480620155039,0.113004651162791,-0.0817767441860465,-0.173658914728682,0.0715480620155039,-0.0986054263565891,0.0668410852713178,0.00641550387596899,0.0338976744186046,0.0283302325581395,-0.0311116279069767,0.241062790697674,-0.146606976744186,-0.20113488372093,-0.247919379844961,-0.202517829457364
"Uterine Carcinosarcoma","Metastasis",5,0.313463027487418,0.113960113960114,0.0080984126984127,-0.0330349206349206,-0.126539682539683,-0.119396825396825,0.0238444444444444,-0.0469460317460317,-0.0641539682539683,-0.076652380952381,-0.171792063492063,-0.0417666666666667,-0.163626984126984,-0.181434920634921,0.0182888888888889,-0.0197920634920635,-0.0856285714285714,-0.0727666666666667,0.0596857142857143,-0.0296920634920635,0.208655555555556,0.120180952380952,0.213187301587302,-0.0293380952380952,-0.182966666666667,0.131325396825397,0.0201825396825397,-0.0492015873015873,0.176834920634921,-0.101246031746032,-0.158273015873016,0.0462603174603175,-0.126633333333333,0.0934031746031746,-0.0484396825396825,0.0228714285714286,0.0063047619047619,-0.130695238095238,0.174103174603175,-0.171331746031746,-0.188320634920635,-0.266487301587302,-0.233688888888889
"Melanoma Uveal","Primary",0.735294117647059,0.12338593974175,0.0565610859728507,0.01225,0.0134088235294118,0.0129382352941176,0.00527941176470588,-0.00605588235294118,0.0177617647058824,-0.0385588235294118,-0.0058,-0.0287058823529412,0.0582323529411765,-0.0490323529411765,0.0443441176470588,0.08755,-0.0417058823529412,-0.0370882352941176,0.0582588235294118,0.0428676470588235,-0.134711764705882,0.0236735294117647,0.0673382352941176,0.0753411764705882,0.118264705882353,0.0987823529411765,0.0256764705882353,-0.0136470588235294,-0.210688235294118,-0.218555882352941,0.0316676470588235,-0.0113411764705882,-0.0169,-0.00756764705882353,0.201352941176471,-0.206752941176471,0.0325382352941176,0.0141558823529412,0.0101558823529412,0.340794117647059,-0.0759470588235294,0.0186323529411765,-0.107247058823529,-0.104461764705882
"Melanoma Uveal","Metastasis",3.79710144927536,0.156972428419936,0.0717205499814196,-0.0150478260869565,-0.0444463768115942,0.0189478260869565,0.0237028985507246,0.0158478260869565,0.0265768115942029,-0.0265507246376812,0.00294057971014493,0.00339710144927536,0.00947391304347826,-0.149323188405797,0.0315130434782609,0.0692855072463768,-0.0100275362318841,-0.00645217391304348,-0.0078231884057971,0.00567536231884058,-0.132930434782609,0.15531884057971,0.0491492753623188,0.0635826086956522,0.109001449275362,0.0679623188405797,0.0458521739130435,0.0179739130434783,-0.221530434782609,-0.214110144927536,0.0547913043478261,-0.0321173913043478,0.0384463768115942,0.0253608695652174,0.214913043478261,-0.286724637681159,0.0630550724637681,0.0507202898550725,-0.0211942028985507,0.558342028985507,-0.1081,-0.0355550724637681,-0.107750724637681,-0.0927289855072464
"Colorectal Hypermutated","Primary",1.42765273311897,0.0308995372911928,0.020859098029516,-0.000939871382636656,-0.00185112540192926,-0.00549453376205788,-0.0105463022508039,0.0247996784565916,0.0260951768488746,0.027788424437299,0.00418745980707395,0.00259807073954984,0.0250649517684887,0.020259807073955,0.00548617363344051,0.0152967845659164,-0.0310993569131833,-0.0302890675241158,0.0272067524115756,0.038159807073955,-0.00809324758842444,0.0018032154340836,0.0231340836012862,0.0320048231511254,0.0234707395498392,0.0250382636655949,-0.00416430868167203,-0.00498681672025723,-0.00508745980707396,-0.00586302250803859,-0.0251215434083601,-0.0278971061093248,-0.00827813504823151,-0.0130977491961415,-0.0224797427652733,-0.0187652733118971,0.0316090032154341,0.0300546623794212,0.0213987138263666,0.0389684887459807,0.0114668810289389,0.0179453376205788,-0.0762807073954984,-0.0698704180064309
"Colorectal Hypermutated","Metastasis",3.475,0.0548780487804878,0.0391025641025641,-0.022095,-0.0022375,-0.00151,-0.0076625,0.0563525,0.0447775,0.0299325,-0.0033075,-0.000120000000000001,0.0111725,-0.005195,-0.0148825,0.00088,-0.0074125,-0.0341225,0.007575,0.03281,-0.0062825,0.0183325,0.035635,0.061265,0.0277375,0.0038875,0.0095475,0.00764,-0.00266,0.00966,-0.05147,-0.0392275,0.009965,-0.0063425,-0.023455,-0.0346175,0.059265,0.057835,-0.0311275,0.045,-0.002625,0.0012475,-0.119385,-0.0980325
"Pancreatic Neuroendocrine","Primary",1.53535353535354,0.417836905641784,0.204869204869205,-0.120718181818182,-0.135931313131313,-0.229980808080808,-0.228608080808081,0.147537373737374,0.161550505050505,0.0654989898989899,0.163005050505051,-0.0625121212121212,-0.144641414141414,-0.153666666666667,0.115010101010101,0.149815151515152,0.0430676767676768,0.0376,0.204577777777778,0.173444444444444,-0.198065656565657,-0.105569696969697,0.177322222222222,0.170042424242424,-0.0975737373737374,-0.151408080808081,-0.136054545454545,-0.136592929292929,-0.153475757575758,-0.164023232323232,0.0801393939393939,0.075030303030303,0.161241414141414,0.135484848484848,-0.163893939393939,-0.165239393939394,0.177330303030303,0.162938383838384,-0.0749878787878788,-0.0712929292929293,0.053379797979798,0.0808212121212121,-0.0452808080808081,-0.0503949494949495
"Pancreatic Neuroendocrine","Metastasis",2.48214285714286,0.461040940766551,0.227106227106227,-0.109871428571429,-0.127751785714286,-0.156700892857143,-0.1690125,0.142964285714286,0.148503571428571,0.0831446428571429,0.149183035714286,-0.0559964285714286,-0.130271428571429,-0.148208928571429,0.0406142857142857,0.135559821428571,0.0701178571428571,0.0295910714285714,0.130957142857143,0.144675,-0.182935714285714,-0.0614026785714286,0.161498214285714,0.205029464285714,-0.0761526785714286,-0.0914580357142857,-0.113241071428571,-0.130533928571429,-0.178853571428571,-0.186789285714286,0.106576785714286,0.0389785714285714,0.1957375,0.131565178571429,-0.157790178571429,-0.175826785714286,0.200200892857143,0.181638392857143,-0.0446785714285714,-0.00442410714285714,-0.0198116071428571,0.0603901785714286,-0.0506017857142857,-0.0545883928571429
"Appendiceal Adenocarcinoma","Primary",3.47727272727273,0.0543237250554323,0.0241841491841492,-0.0115102272727273,-0.00565227272727273,-0.00902159090909091,-0.0111340909090909,0.0219943181818182,0.0111227272727273,0.0235886363636364,-0.00205795454545455,-0.0161545454545455,0.0295511363636364,0.00787727272727273,-0.0525318181818182,-0.0200818181818182,-0.0368261363636364,-0.0709681818181818,0.0323454545454545,0.0247704545454545,-0.0116068181818182,0.0173113636363636,0.0288193181818182,0.0555465909090909,0.0100272727272727,-0.0305056818181818,-0.00310795454545455,0.000842045454545455,0.00548295454545455,0.00488636363636364,-0.0525454545454545,-0.0526465909090909,-0.00388522727272727,-0.0116931818181818,-0.0246579545454545,-0.0428636363636364,0.0619386363636364,0.0590863636363636,0.00145227272727273,0.0334022727272727,0.0108170454545455,0.0255147727272727,-0.0576659090909091,-0.0504590909090909
"Appendiceal Adenocarcinoma","Metastasis",5.12280701754386,0.0573384681215233,0.0269905533063428,-0.0199,-0.00923245614035088,-0.017480701754386,-0.0252885964912281,0.0371833333333333,0.0322166666666667,0.014559649122807,0.0108315789473684,-0.0218157894736842,0.00348421052631579,-0.00324912280701754,-0.0183535087719298,-0.0120666666666667,-0.0297605263157895,-0.0548052631578947,0.0148210526315789,0.0153789473684211,0.00400964912280702,0.0270271929824561,0.0395464912280702,0.0481385964912281,0.00992894736842105,-0.0107052631578947,0.00139649122807018,-0.00183859649122807,0.00544824561403509,0.00984298245614035,-0.0564763157894737,-0.0528771929824561,0.00799298245614035,-0.0307368421052632,-0.00728859649122807,-0.0324254385964912,0.0537473684210526,0.053240350877193,-0.0127315789473684,0.046290350877193,-0.00093859649122807,0.0138587719298246,-0.0730798245614035,-0.0633429824561404
"Small Bowel cancer","Primary",3.03448275862069,0.141484440706476,0.0574712643678161,-0.0310431034482759,-0.040701724137931,-0.00386724137931035,-0.0267,0.0478706896551724,0.010498275862069,0.0952379310344828,-0.00479655172413793,-0.0466189655172414,0.0245620689655172,-0.00243620689655173,-0.0570327586206897,-0.00666724137931034,-0.0561224137931034,-0.130551724137931,0.0271551724137931,0.0412189655172414,-0.0514775862068966,0.0196775862068965,0.117318965517241,0.170441379310345,-0.0174603448275862,-0.0345206896551724,0.0300965517241379,0.032948275862069,-0.0285706896551724,-0.0048051724137931,-0.0518448275862069,-0.0872310344827586,0.0609655172413793,-0.0644103448275862,-0.0183344827586207,-0.0458793103448276,0.101879310344828,0.0626965517241379,-0.0463844827586207,0.0998431034482759,-0.0654362068965517,-0.00349137931034483,-0.0491293103448276,-0.0581275862068966
"Small Bowel cancer","Metastasis",3.80555555555556,0.134146341463415,0.0562678062678063,-0.0118027777777778,-0.000225,0.0216027777777778,0.0114305555555556,0.0962388888888889,0.0110861111111111,0.0591027777777778,-0.00455277777777778,-0.00178333333333334,0.0232194444444444,0.0184222222222222,-0.0882916666666667,-0.0131555555555556,-0.0358388888888889,-0.139363888888889,0.00775555555555556,0.0668916666666667,-0.0246027777777778,0.00843888888888889,0.1061,0.168094444444444,-0.0230805555555556,-0.0322833333333333,0.0330361111111111,0.0247888888888889,-0.0473916666666667,-0.0244027777777778,-0.0542111111111111,-0.0845611111111111,0.0458222222222222,-0.0464166666666667,-0.0490138888888889,-0.0640972222222222,0.0874277777777778,0.0544944444444444,-0.113277777777778,0.115219444444444,-0.0893527777777778,-0.00545277777777778,-0.110586111111111,-0.0932638888888889
"Melanoma Mucosal","Primary",2.33898305084746,0.263993385696569,0.115167318557149,-0.183970338983051,-0.177568644067797,-0.103243220338983,-0.129928813559322,-0.0076364406779661,-0.0506067796610169,-0.0504313559322034,-0.07125,-0.0501076271186441,-0.0967737288135593,-0.141286440677966,-0.0373466101694915,0.0546338983050847,0.0222101694915254,-0.0270457627118644,0.0277940677966102,0.0167991525423729,-0.0262398305084746,0.195606779661017,0.0210127118644068,0.0990110169491525,-0.0236161016949153,0.0854567796610169,-0.012885593220339,-0.0123432203389831,0.00148559322033898,-0.103709322033898,-0.0280550847457627,-0.0921889830508475,0.00831016949152542,-0.0619940677966102,0.284766101694915,-0.26115593220339,0.145664406779661,0.132102542372881,-0.123916101694915,0.304603389830508,-0.22005,-0.0510949152542373,-0.176909322033898,-0.196972881355932
"Melanoma Mucosal","Metastasis",3.92982456140351,0.304257595207531,0.142150247413405,-0.167515789473684,-0.187059649122807,-0.0783087719298246,-0.122414035087719,0.0830052631578947,-0.0563350877192982,-0.0661684210526316,-0.0504912280701754,-0.10009298245614,-0.0727684210526316,-0.161443859649123,-0.0403543859649123,0.0675684210526316,0.0380964912280702,-0.108924561403509,0.013980701754386,0.0255105263157895,-0.0638017543859649,0.164515789473684,0.0690543859649123,0.145461403508772,-0.0478473684210526,0.0594245614035088,-0.00282982456140351,-0.0195736842105263,-0.0189982456140351,-0.098740350877193,0.00855263157894737,-0.108214035087719,0.016640350877193,-0.0745070175438596,0.318838596491228,-0.343571929824561,0.162428070175439,0.145649122807018,-0.141171929824561,0.309757894736842,-0.215745614035088,-0.081840350877193,-0.173649122807018,-0.14220350877193
"Gastrointestinal Neuroendocrine","Primary",1.55696202531646,0.147576412472985,0.0691333982473223,0.00584683544303798,0.00196329113924051,-0.0303544303797468,-0.0616924050632911,0.0197050632911392,0.0250063291139241,0.0239759493670886,0.00440506329113924,-0.0302075949367089,-0.0258658227848101,-0.0685139240506329,-0.0292721518987342,0.027826582278481,-0.127143037974684,-0.12470253164557,0.0631658227848101,0.0585898734177215,-0.0541632911392405,0.0324303797468354,0.132426582278481,0.155977215189873,-0.019079746835443,-0.0125556962025316,-0.00555063291139241,-0.0171164556962025,-0.0484443037974684,-0.0225354430379747,-0.0262455696202532,-0.0417924050632911,0.0660227848101266,-0.0195291139240506,-0.00196708860759494,-0.0397708860759494,0.0756430379746835,0.0590189873417722,-0.0210291139240506,0.0550113924050633,-0.0250379746835443,0.0163860759493671,-0.0479569620253165,-0.0316645569620253
"Gastrointestinal Neuroendocrine","Metastasis",2.69014084507042,0.207188251459979,0.106897797038642,-0.00863943661971831,-0.0598197183098592,-0.0283295774647887,-0.0685915492957746,0.0120957746478873,0.0340478873239437,-0.0624,0.0992633802816901,-0.0477661971830986,-0.000378873239436621,-0.0963845070422535,-0.0687887323943662,0.0448478873239437,-0.106814084507042,-0.142932394366197,0.0214507042253521,0.0570140845070423,-0.0639661971830986,0.0211281690140845,0.122932394366197,0.146056338028169,-0.0189507042253521,-0.0486915492957746,-0.0435929577464789,-0.051912676056338,-0.0823450704225352,-0.0110366197183099,0.0176352112676056,-0.00334929577464789,0.140254929577465,0.0736464788732394,-0.0129225352112676,-0.0304112676056338,0.0657169014084507,0.0629549295774648,-0.0327746478873239,0.0813014084507042,-0.086012676056338,-0.0173112676056338,-0.0531380281690141,-0.043556338028169
